{"transcript_hom_ann_props": "{\"columns\":[\"presence\",\"assembly\",\"num\",\"prop\"],\"index\":[0,1,2,3],\"data\":[[\"+genome+ann\",\"lamp00\",11476,0.9988684829],[\"+genome+ann\",\"lamp10\",212607,0.297209039],[\"+genome-ann\",\"lamp00\",0,0.0],[\"+genome-ann\",\"lamp10\",311948,0.4360804926]]}", "lamp_prop_ratio": 1.094615775182675, "lamp00_prop": 0.8090127792529868, "lamp10_prop": 0.7390837932314419, "feature_props": {"lamp00": {"start_codon": 0.9601013299556681, "UTR": 0.95740049751243783, "exon": 0.89624573378839589, "stop_codon": 0.63651960784313721, "CDS": 0.91919588134346653, "gene": 0.051475634866163349, "transcript": 0.048511420691605966}, "lamp10": {"start_codon": 0.85750474984167191, "UTR": 0.86225124378109452, "exon": 0.80650360257868792, "stop_codon": 0.90392156862745099, "CDS": 0.81451336111792105, "gene": 0.14794478761534355, "transcript": 0.13839191004879428}}, "lamp10_tr_ov_prop": 0.29720903899517015, "lamp00_tr_ov_prop": 0.99886848289668373}