{"lamp_prop_ratio": 1.1317432239657632, "lamp00_prop": 0.8090046214151402, "lamp10_prop": 0.7148305413133303, "feature_props": {"lamp00": {"start_codon": 0.9601013299556681, "UTR": 0.95740049751243783, "exon": 0.89624573378839589, "stop_codon": 0.63651960784313721, "CDS": 0.91919588134346653, "gene": 0.051323114466559905, "transcript": 0.048511420691605966}, "lamp10": {"start_codon": 0.85750474984167191, "UTR": 0.8383084577114428, "exon": 0.78010049298445205, "stop_codon": 0.90392156862745099, "CDS": 0.78920323608727627, "gene": 0.12887973766491267, "transcript": 0.12050067180538859}}, "prop_gtf_overlapped_lamp00": 0.8090046214151402, "prop_gtf_overlapped_lamp10": 0.7148305413133303}
