{"transcript_hom_ann_props": "{\"columns\":[\"presence\",\"assembly\",\"num\",\"prop\"],\"index\":[0,1,2,3],\"data\":[[\"+genome+ann\",\"lamp00\",11476,0.9988684829],[\"+genome+ann\",\"lamp10\",212606,0.2972076411],[\"+genome-ann\",\"lamp00\",0,0.0],[\"+genome-ann\",\"lamp10\",311949,0.4360818906]]}", "lamp_prop_ratio": 1.0943135989230761, "lamp00_prop": 0.8090617262800668, "lamp10_danrer_braflo_homs": "{\"columns\":[\"braflo_best_hom\",\"danrer_best_hom\",\"no_ann\",\"has_ann\"],\"index\":[0,1,2,3],\"data\":[[true,true,36605,10293],[true,false,847,873],[false,true,7196,4445],[false,false,167958,296338]]}", "lamp10_prop": 0.739332607285765, "feature_props": {"lamp00": {"start_codon": 0.9601013299556681, "UTR": 0.95740049751243783, "exon": 0.89637846037163438, "stop_codon": 0.63651960784313721, "CDS": 0.91919588134346653, "gene": 0.051323114466559905, "transcript": 0.048511420691605966}, "lamp10": {"start_codon": 0.85750474984167191, "UTR": 0.86225124378109452, "exon": 0.80711983314372393, "stop_codon": 0.90392156862745099, "CDS": 0.81451336111792105, "gene": 0.14763974681613665, "transcript": 0.13839191004879428}}, "lamp10_tr_ov_prop": 0.29720764106829572, "lamp10_danrer_braflo_ortho": "{\"columns\":[\"danrer_ortho\",\"braflo_ortho\",\"no_ann\",\"has_ann\"],\"index\":[0,1,2,3],\"data\":[[true,true,3664,833],[true,false,2450,892],[false,true,1255,437],[false,false,205237,309787]]}", "lamp00_tr_ov_prop": 0.99886848289668373}